Update,Total Number of Messages Sent,Self IDs,Real IDs,Highest IDs
0,0,0,0,0
100,111090,910,110950,490
200,232190,1820,232050,910
300,368916,2414,368774,1491
400,511344,3456,511200,2016
500,653112,4176,652968,2736
600,816797,5037,816651,3796
700,1.01E+06,5994,1.01E+06,4662
800,1.21E+06,7104,1.21E+06,5402
900,1.45E+06,8732,1.45E+06,6068
1000,1.70E+06,10064,1.70E+06,6882
1100,1.97E+06,11322,1.97E+06,8140
1200,2.27E+06,12525,2.27E+06,9675
1300,2.60E+06,14592,2.60E+06,11704
1400,2.94E+06,16324,2.94E+06,12551
1500,3.30E+06,17862,3.30E+06,15210
1600,3.73E+06,20224,3.73E+06,17222
1700,4.14E+06,22357,4.14E+06,19434
1800,4.68E+06,24880,4.68E+06,22080
1900,5.14E+06,26560,5.14E+06,24000
2000,5.66E+06,29241,5.66E+06,26892
2100,6.14E+06,31671,6.14E+06,28917
2200,6.61E+06,34101,6.61E+06,30618
2300,7.24E+06,37392,7.24E+06,34194
2400,7.93E+06,41583,7.93E+06,37848
2500,8.61E+06,44604,8.61E+06,41664
2600,9.32E+06,47770,9.32E+06,45475
2700,1.01E+07,51944,1.01E+07,48848
2800,1.10E+07,55616,1.10E+07,52184
2900,1.18E+07,59630,1.18E+07,56337
3000,1.26E+07,63546,1.26E+07,60075
3100,1.36E+07,68040,1.36E+07,64260
3200,1.47E+07,72527,1.47E+07,69251
3300,1.56E+07,76167,1.56E+07,72982
3400,1.69E+07,81840,1.69E+07,79422
3500,1.80E+07,86025,1.80E+07,84816
3600,1.90E+07,90768,1.90E+07,89187
3700,2.01E+07,95325,2.01E+07,94116
3800,2.18E+07,103550,2.18E+07,101175
3900,2.34E+07,110688,2.34E+07,108288
4000,2.49E+07,116832,2.49E+07,115104
4100,2.64E+07,123936,2.64E+07,122784
4200,2.83E+07,132890,2.83E+07,132017
4300,3.06E+07,144060,3.06E+07,141120
4400,3.26E+07,151998,3.26E+07,151410
4500,3.49E+07,161667,3.49E+07,161370
4600,3.72E+07,172161,3.72E+07,172260
4700,3.97E+07,184338,3.97E+07,182754
4800,4.24E+07,196713,4.24E+07,196515
4900,4.49E+07,207999,4.49E+07,207405
5000,4.75E+07,220671,4.75E+07,219483
5100,5.02E+07,232452,5.02E+07,229680
5200,5.30E+07,247302,5.30E+07,243144
5300,5.60E+07,262350,5.60E+07,257895
5400,6.00E+07,283200,6.00E+07,276500
5500,6.35E+07,300800,6.35E+07,292600
5600,6.71E+07,317000,6.71E+07,312100
5700,7.03E+07,332300,7.03E+07,326900
5800,7.42E+07,351500,7.42E+07,346400
5900,7.93E+07,376600,7.93E+07,372400
6000,8.45E+07,400400,8.45E+07,398500
6100,8.96E+07,427100,8.96E+07,422100
6200,9.49E+07,452300,9.49E+07,449400
6300,1.01E+08,481700,1.01E+08,476200
6400,1.06E+08,506800,1.06E+08,500200
6500,1.10E+08,528900,1.10E+08,523000
6600,1.16E+08,553300,1.16E+08,550600
6700,1.21E+08,577400,1.21E+08,578200
6800,1.26E+08,605200,1.26E+08,601800
6900,1.32E+08,633500,1.32E+08,627300
7000,1.36E+08,656100,1.36E+08,649700
7100,1.41E+08,676000,1.41E+08,670100
7200,1.45E+08,693100,1.45E+08,692100
7300,1.50E+08,703700,1.50E+08,712600
7400,1.54E+08,715600,1.54E+08,736400
7500,1.60E+08,726600,1.60E+08,767200
7600,1.66E+08,735200,1.66E+08,797500
7700,1.72E+08,741900,1.72E+08,830200
7800,1.79E+08,745400,1.79E+08,862600
7900,1.86E+08,746000,1.86E+08,895700
8000,1.93E+08,747300,1.93E+08,927300
8100,1.99E+08,748500,1.99E+08,962600
8200,2.07E+08,748700,2.07E+08,1.00E+06
8300,2.15E+08,748900,2.15E+08,1.04E+06
8400,2.22E+08,748900,2.22E+08,1.08E+06
8500,2.29E+08,748900,2.29E+08,1.11E+06
8600,2.36E+08,748900,2.36E+08,1.15E+06
8700,2.42E+08,748900,2.42E+08,1.18E+06
8800,2.48E+08,748900,2.48E+08,1.21E+06
8900,2.54E+08,748900,2.54E+08,1.24E+06
9000,2.61E+08,748900,2.61E+08,1.28E+06
9100,2.68E+08,748900,2.68E+08,1.30E+06
9200,2.74E+08,748900,2.74E+08,1.33E+06
9300,2.80E+08,748900,2.80E+08,1.37E+06
9400,2.87E+08,748900,2.87E+08,1.40E+06
9500,2.93E+08,748900,2.93E+08,1.43E+06
9600,3.00E+08,748900,3.00E+08,1.46E+06
9700,3.07E+08,748900,3.07E+08,1.50E+06
9800,3.14E+08,748900,3.14E+08,1.53E+06
9900,3.22E+08,748900,3.22E+08,1.57E+06
10000,3.29E+08,748900,3.29E+08,1.61E+06
10100,3.35E+08,748900,3.35E+08,1.64E+06
10200,3.41E+08,748900,3.41E+08,1.67E+06
10300,3.46E+08,748900,3.46E+08,1.70E+06
10400,3.52E+08,748900,3.52E+08,1.72E+06
10500,3.57E+08,748900,3.57E+08,1.75E+06
10600,3.62E+08,748900,3.62E+08,1.77E+06
10700,3.67E+08,748900,3.67E+08,1.79E+06
10800,3.72E+08,748900,3.72E+08,1.82E+06
10900,3.77E+08,748900,3.77E+08,1.84E+06
11000,3.82E+08,748900,3.82E+08,1.87E+06
11100,3.87E+08,748900,3.87E+08,1.89E+06
11200,3.92E+08,748900,3.92E+08,1.92E+06
11300,3.98E+08,748900,3.98E+08,1.94E+06
11400,4.04E+08,748900,4.04E+08,1.97E+06
11500,4.10E+08,748900,4.10E+08,2.00E+06
11600,4.16E+08,748900,4.16E+08,2.03E+06
11700,4.22E+08,748900,4.22E+08,2.06E+06
11800,4.28E+08,748900,4.28E+08,2.09E+06
11900,4.34E+08,748900,4.34E+08,2.13E+06
12000,4.41E+08,748900,4.41E+08,2.16E+06
12100,4.47E+08,748900,4.47E+08,2.19E+06
12200,4.53E+08,748900,4.53E+08,2.22E+06
12300,4.60E+08,748900,4.60E+08,2.25E+06
12400,4.67E+08,748900,4.67E+08,2.29E+06
12500,4.74E+08,748900,4.74E+08,2.32E+06
12600,4.80E+08,748900,4.80E+08,2.35E+06
12700,4.86E+08,748900,4.86E+08,2.38E+06
12800,4.91E+08,748900,4.91E+08,2.41E+06
12900,4.98E+08,748900,4.98E+08,2.44E+06
13000,5.04E+08,748900,5.04E+08,2.47E+06
13100,5.10E+08,748900,5.10E+08,2.50E+06
13200,5.16E+08,748900,5.16E+08,2.53E+06
13300,5.23E+08,748900,5.23E+08,2.56E+06
13400,5.29E+08,748900,5.29E+08,2.59E+06
13500,5.36E+08,748900,5.36E+08,2.62E+06
13600,5.42E+08,748900,5.42E+08,2.65E+06
13700,5.47E+08,748900,5.47E+08,2.68E+06
13800,5.53E+08,748900,5.53E+08,2.70E+06
13900,5.58E+08,748900,5.58E+08,2.73E+06
14000,5.63E+08,748900,5.63E+08,2.75E+06
14100,5.69E+08,748900,5.69E+08,2.78E+06
14200,5.74E+08,748900,5.74E+08,2.81E+06
14300,5.79E+08,748900,5.79E+08,2.83E+06
14400,5.84E+08,748900,5.84E+08,2.86E+06
14500,5.89E+08,748900,5.89E+08,2.88E+06
14600,5.94E+08,748900,5.94E+08,2.91E+06
14700,5.99E+08,748900,5.99E+08,2.94E+06
14800,6.04E+08,748900,6.04E+08,2.96E+06
14900,6.09E+08,748900,6.09E+08,2.99E+06
15000,6.13E+08,748900,6.13E+08,3.01E+06
15100,6.18E+08,748900,6.18E+08,3.03E+06
15200,6.22E+08,748900,6.22E+08,3.05E+06
15300,6.26E+08,748900,6.26E+08,3.07E+06
15400,6.30E+08,748900,6.30E+08,3.09E+06
15500,6.34E+08,748900,6.34E+08,3.10E+06
15600,6.38E+08,748900,6.38E+08,3.12E+06
15700,6.42E+08,748900,6.42E+08,3.15E+06
15800,6.48E+08,748900,6.48E+08,3.17E+06
15900,6.53E+08,748900,6.53E+08,3.19E+06
16000,6.57E+08,748900,6.57E+08,3.22E+06
16100,6.62E+08,748900,6.62E+08,3.24E+06
16200,6.67E+08,748900,6.67E+08,3.26E+06
16300,6.72E+08,748900,6.72E+08,3.29E+06
16400,6.77E+08,748900,6.77E+08,3.31E+06
16500,6.82E+08,748900,6.82E+08,3.33E+06
16600,6.87E+08,748900,6.87E+08,3.36E+06
16700,6.92E+08,748900,6.92E+08,3.38E+06
16800,6.96E+08,748900,6.96E+08,3.40E+06
16900,7.00E+08,748900,7.00E+08,3.42E+06
17000,7.05E+08,748900,7.05E+08,3.44E+06
17100,7.09E+08,748900,7.09E+08,3.46E+06
17200,7.13E+08,748900,7.13E+08,3.48E+06
17300,7.18E+08,748900,7.18E+08,3.50E+06
17400,7.23E+08,748900,7.23E+08,3.52E+06
17500,7.28E+08,748900,7.28E+08,3.54E+06
17600,7.33E+08,748900,7.33E+08,3.57E+06
17700,7.38E+08,748900,7.38E+08,3.59E+06
17800,7.44E+08,748900,7.44E+08,3.62E+06
17900,7.49E+08,748900,7.49E+08,3.65E+06
18000,7.54E+08,748900,7.54E+08,3.67E+06
18100,7.59E+08,748900,7.59E+08,3.70E+06
18200,7.64E+08,748900,7.64E+08,3.72E+06
18300,7.69E+08,748900,7.69E+08,3.74E+06
18400,7.74E+08,748900,7.74E+08,3.77E+06
18500,7.79E+08,748900,7.79E+08,3.79E+06
18600,7.83E+08,748900,7.83E+08,3.81E+06
18700,7.88E+08,748900,7.88E+08,3.83E+06
18800,7.92E+08,748900,7.92E+08,3.85E+06
18900,7.97E+08,748900,7.97E+08,3.88E+06
19000,8.02E+08,748900,8.02E+08,3.90E+06
19100,8.06E+08,748900,8.06E+08,3.92E+06
19200,8.11E+08,748900,8.11E+08,3.94E+06
19300,8.16E+08,748900,8.16E+08,3.97E+06
19400,8.21E+08,748900,8.21E+08,3.99E+06
19500,8.26E+08,748900,8.26E+08,4.02E+06
19600,8.30E+08,748900,8.30E+08,4.03E+06
19700,8.34E+08,748900,8.34E+08,4.05E+06
19800,8.38E+08,748900,8.38E+08,4.07E+06
19900,8.41E+08,748900,8.41E+08,4.09E+06
20000,8.45E+08,748900,8.45E+08,4.11E+06
20100,8.49E+08,748900,8.49E+08,4.12E+06
20200,8.54E+08,748900,8.54E+08,4.14E+06
20300,8.57E+08,748900,8.57E+08,4.16E+06
20400,8.61E+08,748900,8.61E+08,4.18E+06
20500,8.66E+08,748900,8.66E+08,4.20E+06
20600,8.70E+08,748900,8.70E+08,4.22E+06
20700,8.73E+08,748900,8.73E+08,4.24E+06
20800,8.76E+08,748900,8.76E+08,4.26E+06
20900,8.80E+08,748900,8.80E+08,4.27E+06
21000,8.83E+08,748900,8.83E+08,4.29E+06
21100,8.87E+08,748900,8.87E+08,4.31E+06
21200,8.90E+08,748900,8.90E+08,4.32E+06
21300,8.94E+08,748900,8.94E+08,4.34E+06
21400,8.98E+08,748900,8.98E+08,4.36E+06
21500,9.02E+08,748900,9.02E+08,4.38E+06
21600,9.06E+08,748900,9.06E+08,4.40E+06
21700,9.10E+08,748900,9.10E+08,4.43E+06
21800,9.15E+08,748900,9.15E+08,4.45E+06
21900,9.19E+08,748900,9.19E+08,4.47E+06
22000,9.23E+08,748900,9.23E+08,4.49E+06
22100,9.28E+08,748900,9.28E+08,4.51E+06
22200,9.32E+08,748900,9.32E+08,4.53E+06
22300,9.37E+08,748900,9.37E+08,4.56E+06
22400,9.42E+08,748900,9.42E+08,4.57E+06
22500,9.46E+08,748900,9.46E+08,4.60E+06
22600,9.51E+08,748900,9.51E+08,4.62E+06
22700,9.56E+08,748900,9.56E+08,4.64E+06
22800,9.60E+08,748900,9.60E+08,4.67E+06
22900,9.65E+08,748900,9.65E+08,4.69E+06
23000,9.69E+08,748900,9.69E+08,4.71E+06
23100,9.74E+08,748900,9.74E+08,4.74E+06
23200,9.79E+08,748900,9.79E+08,4.76E+06
23300,9.84E+08,748900,9.84E+08,4.78E+06
23400,9.88E+08,748900,9.88E+08,4.81E+06
23500,9.94E+08,748900,9.94E+08,4.83E+06
23600,9.98E+08,748900,9.98E+08,4.85E+06
23700,1.00E+09,748900,1.00E+09,4.87E+06
23800,1.01E+09,748900,1.01E+09,4.89E+06
23900,1.01E+09,748900,1.01E+09,4.92E+06
24000,1.02E+09,748900,1.02E+09,4.94E+06
24100,1.02E+09,748900,1.02E+09,4.96E+06
24200,1.03E+09,748900,1.03E+09,4.98E+06
24300,1.03E+09,748900,1.03E+09,5.00E+06
24400,1.03E+09,748900,1.03E+09,5.03E+06
24500,1.04E+09,748900,1.04E+09,5.05E+06
24600,1.05E+09,748900,1.05E+09,5.08E+06
24700,1.05E+09,748900,1.05E+09,5.11E+06
24800,1.06E+09,748900,1.06E+09,5.13E+06
24900,1.06E+09,748900,1.06E+09,5.16E+06
25000,1.07E+09,748900,1.07E+09,5.18E+06
25100,1.07E+09,748900,1.07E+09,5.20E+06
25200,1.08E+09,748900,1.08E+09,5.23E+06
25300,1.08E+09,748900,1.08E+09,5.25E+06
25400,1.09E+09,748900,1.09E+09,5.27E+06
25500,1.09E+09,748900,1.09E+09,5.30E+06
25600,1.10E+09,748900,1.10E+09,5.32E+06
25700,1.10E+09,748900,1.10E+09,5.35E+06
25800,1.11E+09,748900,1.11E+09,5.37E+06
25900,1.11E+09,748900,1.11E+09,5.40E+06
26000,1.12E+09,748900,1.12E+09,5.42E+06
26100,1.12E+09,748900,1.12E+09,5.44E+06
26200,1.12E+09,748900,1.12E+09,5.46E+06
26300,1.13E+09,748900,1.13E+09,5.49E+06
26400,1.13E+09,748900,1.13E+09,5.51E+06
26500,1.14E+09,748900,1.14E+09,5.52E+06
26600,1.14E+09,748900,1.14E+09,5.54E+06
26700,1.14E+09,748900,1.14E+09,5.56E+06
26800,1.15E+09,748900,1.15E+09,5.57E+06
26900,1.15E+09,748900,1.15E+09,5.58E+06
27000,1.15E+09,748900,1.15E+09,5.60E+06
27100,1.16E+09,748900,1.16E+09,5.61E+06
27200,1.16E+09,748900,1.16E+09,5.63E+06
27300,1.16E+09,748900,1.16E+09,5.65E+06
27400,1.17E+09,748900,1.17E+09,5.67E+06
27500,1.17E+09,748900,1.17E+09,5.69E+06
27600,1.18E+09,748900,1.18E+09,5.71E+06
27700,1.18E+09,748900,1.18E+09,5.73E+06
27800,1.18E+09,748900,1.18E+09,5.75E+06
27900,1.19E+09,748900,1.19E+09,5.77E+06
28000,1.19E+09,748900,1.19E+09,5.79E+06
28100,1.20E+09,748900,1.20E+09,5.81E+06
28200,1.20E+09,748900,1.20E+09,5.84E+06
28300,1.21E+09,748900,1.21E+09,5.86E+06
28400,1.21E+09,748900,1.21E+09,5.88E+06
28500,1.22E+09,748900,1.22E+09,5.91E+06
28600,1.22E+09,748900,1.22E+09,5.93E+06
28700,1.22E+09,748900,1.22E+09,5.95E+06
28800,1.23E+09,748900,1.23E+09,5.97E+06
28900,1.23E+09,748900,1.23E+09,5.98E+06
29000,1.24E+09,748900,1.24E+09,6.00E+06
29100,1.24E+09,748900,1.24E+09,6.02E+06
29200,1.24E+09,748900,1.24E+09,6.04E+06
29300,1.25E+09,748900,1.25E+09,6.06E+06
29400,1.25E+09,748900,1.25E+09,6.08E+06
29500,1.26E+09,748900,1.26E+09,6.10E+06
29600,1.26E+09,748900,1.26E+09,6.12E+06
29700,1.26E+09,748900,1.26E+09,6.14E+06
29800,1.27E+09,748900,1.27E+09,6.16E+06
29900,1.27E+09,748900,1.27E+09,6.18E+06
30000,1.28E+09,748900,1.28E+09,6.21E+06
30100,1.28E+09,748900,1.28E+09,6.23E+06
30200,1.29E+09,748900,1.29E+09,6.25E+06
30300,1.29E+09,748900,1.29E+09,6.27E+06
30400,1.30E+09,748900,1.30E+09,6.29E+06
30500,1.30E+09,748900,1.30E+09,6.31E+06
30600,1.30E+09,748900,1.30E+09,6.32E+06
30700,1.31E+09,748900,1.31E+09,6.34E+06
30800,1.31E+09,748900,1.31E+09,6.36E+06
30900,1.31E+09,748900,1.31E+09,6.38E+06
31000,1.32E+09,748900,1.32E+09,6.40E+06
31100,1.32E+09,748900,1.32E+09,6.43E+06
31200,1.33E+09,748900,1.33E+09,6.45E+06
31300,1.33E+09,748900,1.33E+09,6.47E+06
31400,1.34E+09,748900,1.34E+09,6.49E+06
31500,1.34E+09,748900,1.34E+09,6.51E+06
31600,1.35E+09,748900,1.35E+09,6.54E+06
31700,1.35E+09,748900,1.35E+09,6.56E+06
31800,1.36E+09,748900,1.36E+09,6.58E+06
31900,1.36E+09,748900,1.36E+09,6.60E+06
32000,1.36E+09,748900,1.36E+09,6.62E+06
32100,1.37E+09,748900,1.37E+09,6.64E+06
32200,1.37E+09,748900,1.37E+09,6.66E+06
32300,1.38E+09,748900,1.38E+09,6.68E+06
32400,1.38E+09,748900,1.38E+09,6.70E+06
32500,1.39E+09,748900,1.39E+09,6.73E+06
32600,1.39E+09,748900,1.39E+09,6.76E+06
32700,1.40E+09,748900,1.40E+09,6.78E+06
32800,1.40E+09,748900,1.40E+09,6.80E+06
32900,1.41E+09,748900,1.41E+09,6.83E+06
33000,1.41E+09,748900,1.41E+09,6.85E+06
33100,1.42E+09,748900,1.42E+09,6.88E+06
33200,1.42E+09,748900,1.42E+09,6.91E+06
33300,1.43E+09,748900,1.43E+09,6.94E+06
33400,1.43E+09,748900,1.43E+09,6.96E+06
33500,1.44E+09,748900,1.44E+09,6.99E+06
33600,1.44E+09,748900,1.44E+09,7.02E+06
33700,1.45E+09,748900,1.45E+09,7.05E+06
33800,1.46E+09,748900,1.46E+09,7.07E+06
33900,1.46E+09,748900,1.46E+09,7.11E+06
34000,1.47E+09,748900,1.47E+09,7.14E+06
34100,1.48E+09,748900,1.48E+09,7.17E+06
34200,1.48E+09,748900,1.48E+09,7.20E+06
34300,1.49E+09,748900,1.49E+09,7.23E+06
34400,1.50E+09,748900,1.50E+09,7.27E+06
34500,1.50E+09,748900,1.50E+09,7.30E+06
34600,1.51E+09,748900,1.51E+09,7.33E+06
34700,1.51E+09,748900,1.51E+09,7.36E+06
34800,1.52E+09,748900,1.52E+09,7.40E+06
34900,1.53E+09,748900,1.53E+09,7.43E+06
35000,1.54E+09,748900,1.54E+09,7.46E+06
35100,1.54E+09,748900,1.54E+09,7.49E+06
35200,1.55E+09,748900,1.55E+09,7.53E+06
35300,1.56E+09,748900,1.56E+09,7.56E+06
35400,1.56E+09,748900,1.56E+09,7.59E+06
35500,1.57E+09,748900,1.57E+09,7.62E+06
35600,1.58E+09,748900,1.58E+09,7.66E+06
35700,1.58E+09,748900,1.58E+09,7.69E+06
35800,1.59E+09,748900,1.59E+09,7.73E+06
35900,1.60E+09,748900,1.60E+09,7.76E+06
36000,1.60E+09,748900,1.60E+09,7.79E+06
36100,1.61E+09,748900,1.61E+09,7.82E+06
36200,1.61E+09,748900,1.61E+09,7.85E+06
36300,1.62E+09,748900,1.62E+09,7.88E+06
36400,1.63E+09,748900,1.63E+09,7.91E+06
36500,1.63E+09,748900,1.63E+09,7.94E+06
36600,1.64E+09,748900,1.64E+09,7.97E+06
36700,1.65E+09,748900,1.65E+09,8.01E+06
36800,1.65E+09,748900,1.65E+09,8.04E+06
36900,1.66E+09,748900,1.66E+09,8.06E+06
37000,1.66E+09,748900,1.66E+09,8.08E+06
37100,1.67E+09,748900,1.67E+09,8.10E+06
37200,1.67E+09,748900,1.67E+09,8.12E+06
37300,1.67E+09,748900,1.67E+09,8.14E+06
37400,1.68E+09,748900,1.68E+09,8.16E+06
37500,1.68E+09,748900,1.68E+09,8.19E+06
37600,1.69E+09,748900,1.69E+09,8.21E+06
37700,1.69E+09,748900,1.69E+09,8.24E+06
37800,1.70E+09,748900,1.70E+09,8.26E+06
37900,1.70E+09,748900,1.70E+09,8.28E+06
38000,1.71E+09,748900,1.71E+09,8.30E+06
38100,1.71E+09,748900,1.71E+09,8.33E+06
38200,1.72E+09,748900,1.72E+09,8.35E+06
38300,1.72E+09,748900,1.72E+09,8.37E+06
38400,1.72E+09,748900,1.72E+09,8.39E+06
38500,1.73E+09,748900,1.73E+09,8.42E+06
38600,1.73E+09,748900,1.73E+09,8.44E+06
38700,1.74E+09,748900,1.74E+09,8.47E+06
38800,1.74E+09,748900,1.74E+09,8.49E+06
38900,1.75E+09,748900,1.75E+09,8.51E+06
39000,1.75E+09,748900,1.75E+09,8.53E+06
39100,1.76E+09,748900,1.76E+09,8.56E+06
39200,1.77E+09,748900,1.77E+09,8.59E+06
39300,1.77E+09,748900,1.77E+09,8.62E+06
39400,1.78E+09,748900,1.78E+09,8.64E+06
39500,1.78E+09,748900,1.78E+09,8.67E+06
39600,1.79E+09,748900,1.79E+09,8.69E+06
39700,1.79E+09,748900,1.79E+09,8.72E+06
39800,1.80E+09,748900,1.80E+09,8.74E+06
39900,1.80E+09,748900,1.80E+09,8.77E+06
40000,1.81E+09,748900,1.81E+09,8.80E+06
40100,1.81E+09,748900,1.81E+09,8.83E+06
40200,1.82E+09,748900,1.82E+09,8.85E+06
40300,1.82E+09,748900,1.82E+09,8.88E+06
40400,1.83E+09,748900,1.83E+09,8.90E+06
40500,1.83E+09,748900,1.83E+09,8.93E+06
40600,1.84E+09,748900,1.84E+09,8.95E+06
40700,1.84E+09,748900,1.84E+09,8.98E+06
40800,1.85E+09,748900,1.85E+09,9.00E+06
40900,1.85E+09,748900,1.85E+09,9.02E+06
41000,1.86E+09,748900,1.86E+09,9.04E+06
41100,1.86E+09,748900,1.86E+09,9.06E+06
41200,1.86E+09,748900,1.86E+09,9.08E+06
41300,1.87E+09,748900,1.87E+09,9.10E+06
41400,1.87E+09,748900,1.87E+09,9.12E+06
41500,1.88E+09,748900,1.88E+09,9.14E+06
41600,1.88E+09,748900,1.88E+09,9.16E+06
41700,1.88E+09,748900,1.88E+09,9.18E+06
41800,1.89E+09,748900,1.89E+09,9.20E+06
41900,1.89E+09,748900,1.89E+09,9.22E+06
42000,1.90E+09,748900,1.90E+09,9.25E+06
42100,1.90E+09,748900,1.90E+09,9.27E+06
42200,1.91E+09,748900,1.91E+09,9.30E+06
42300,1.91E+09,748900,1.91E+09,9.33E+06
42400,1.92E+09,748900,1.92E+09,9.36E+06
42500,1.93E+09,748900,1.93E+09,9.38E+06
42600,1.93E+09,748900,1.93E+09,9.41E+06
42700,1.94E+09,748900,1.94E+09,9.44E+06
42800,1.94E+09,748900,1.94E+09,9.47E+06
42900,1.95E+09,748900,1.95E+09,9.50E+06
43000,1.95E+09,748900,1.95E+09,9.52E+06
43100,1.96E+09,748900,1.96E+09,9.55E+06
43200,1.96E+09,748900,1.96E+09,9.57E+06
43300,1.97E+09,748900,1.97E+09,9.59E+06
43400,1.97E+09,748900,1.97E+09,9.61E+06
43500,1.98E+09,748900,1.98E+09,9.63E+06
43600,1.98E+09,748900,1.98E+09,9.66E+06
43700,1.99E+09,748900,1.99E+09,9.68E+06
43800,1.99E+09,748900,1.99E+09,9.71E+06
43900,2.00E+09,748900,2.00E+09,9.73E+06
44000,2.00E+09,748900,2.00E+09,9.76E+06
44100,2.01E+09,748900,2.01E+09,9.78E+06
44200,2.01E+09,748900,2.01E+09,9.80E+06
44300,2.02E+09,748900,2.02E+09,9.82E+06
44400,2.02E+09,748900,2.02E+09,9.85E+06
44500,2.03E+09,748900,2.03E+09,9.87E+06
44600,2.03E+09,748900,2.03E+09,9.90E+06
44700,2.04E+09,748900,2.04E+09,9.93E+06
44800,2.04E+09,748900,2.04E+09,9.95E+06
44900,2.05E+09,748900,2.05E+09,9.98E+06
45000,2.05E+09,748900,2.05E+09,1.00E+07
45100,2.06E+09,748900,2.06E+09,1.00E+07
45200,2.06E+09,748900,2.06E+09,1.01E+07
45300,2.07E+09,748900,2.07E+09,1.01E+07
45400,2.08E+09,748900,2.08E+09,1.01E+07
45500,2.08E+09,748900,2.08E+09,1.01E+07
45600,2.09E+09,748900,2.09E+09,1.02E+07
45700,2.09E+09,748900,2.09E+09,1.02E+07
45800,2.10E+09,748900,2.10E+09,1.02E+07
45900,2.11E+09,748900,2.11E+09,1.03E+07
46000,2.11E+09,748900,2.11E+09,1.03E+07
46100,2.12E+09,748900,2.12E+09,1.03E+07
46200,2.13E+09,748900,2.13E+09,1.04E+07
46300,2.13E+09,748900,2.13E+09,1.04E+07
46400,2.14E+09,748900,2.14E+09,1.04E+07
46500,2.15E+09,748900,2.15E+09,1.05E+07
46600,2.15E+09,748900,2.15E+09,1.05E+07
46700,2.16E+09,748900,2.16E+09,1.05E+07
46800,2.16E+09,748900,2.16E+09,1.06E+07
46900,2.17E+09,748900,2.17E+09,1.06E+07
47000,2.18E+09,748900,2.18E+09,1.06E+07
47100,2.18E+09,748900,2.18E+09,1.06E+07
47200,2.19E+09,748900,2.19E+09,1.07E+07
47300,2.19E+09,748900,2.19E+09,1.07E+07
47400,2.20E+09,748900,2.20E+09,1.07E+07
47500,2.20E+09,748900,2.20E+09,1.07E+07
47600,2.21E+09,748900,2.21E+09,1.08E+07
47700,2.22E+09,748900,2.22E+09,1.08E+07
47800,2.22E+09,748900,2.22E+09,1.08E+07
47900,2.23E+09,748900,2.23E+09,1.09E+07
48000,2.23E+09,748900,2.23E+09,1.09E+07
48100,2.24E+09,748900,2.24E+09,1.09E+07
48200,2.24E+09,748900,2.24E+09,1.09E+07
48300,2.24E+09,748900,2.24E+09,1.10E+07
48400,2.25E+09,748900,2.25E+09,1.10E+07
48500,2.25E+09,748900,2.25E+09,1.10E+07
48600,2.26E+09,748900,2.26E+09,1.10E+07
48700,2.27E+09,748900,2.27E+09,1.11E+07
48800,2.27E+09,748900,2.27E+09,1.11E+07
48900,2.28E+09,748900,2.28E+09,1.11E+07
49000,2.29E+09,748900,2.29E+09,1.12E+07
49100,2.30E+09,748900,2.30E+09,1.12E+07
49200,2.30E+09,748900,2.30E+09,1.12E+07
49300,2.31E+09,748900,2.31E+09,1.13E+07
49400,2.32E+09,748900,2.32E+09,1.13E+07
49500,2.32E+09,748900,2.32E+09,1.13E+07
49600,2.33E+09,748900,2.33E+09,1.14E+07
49700,2.34E+09,748900,2.34E+09,1.14E+07
49800,2.34E+09,748900,2.34E+09,1.14E+07
49900,2.35E+09,748900,2.35E+09,1.15E+07
50000,2.35E+09,748900,2.35E+09,1.15E+07
50100,2.36E+09,748900,2.36E+09,1.15E+07
50200,2.36E+09,748900,2.36E+09,1.15E+07
50300,2.37E+09,748900,2.37E+09,1.16E+07
50400,2.37E+09,748900,2.37E+09,1.16E+07
50500,2.38E+09,748900,2.38E+09,1.16E+07
50600,2.38E+09,748900,2.38E+09,1.16E+07
50700,2.39E+09,748900,2.39E+09,1.17E+07
50800,2.39E+09,748900,2.39E+09,1.17E+07
50900,2.40E+09,748900,2.40E+09,1.17E+07
51000,2.41E+09,748900,2.41E+09,1.17E+07
51100,2.41E+09,748900,2.41E+09,1.18E+07
51200,2.42E+09,748900,2.42E+09,1.18E+07
51300,2.42E+09,748900,2.42E+09,1.18E+07
51400,2.43E+09,748900,2.43E+09,1.18E+07
51500,2.43E+09,748900,2.43E+09,1.19E+07
51600,2.44E+09,748900,2.44E+09,1.19E+07
51700,2.44E+09,748900,2.44E+09,1.19E+07
51800,2.45E+09,748900,2.45E+09,1.20E+07
51900,2.46E+09,748900,2.46E+09,1.20E+07
52000,2.46E+09,748900,2.46E+09,1.20E+07
52100,2.47E+09,748900,2.47E+09,1.20E+07
52200,2.47E+09,748900,2.47E+09,1.20E+07
52300,2.47E+09,748900,2.47E+09,1.21E+07
52400,2.48E+09,748900,2.48E+09,1.21E+07
52500,2.48E+09,748900,2.48E+09,1.21E+07
52600,2.48E+09,748900,2.48E+09,1.21E+07
52700,2.49E+09,748900,2.49E+09,1.21E+07
52800,2.49E+09,748900,2.49E+09,1.22E+07
52900,2.50E+09,748900,2.50E+09,1.22E+07
53000,2.50E+09,748900,2.50E+09,1.22E+07
53100,2.51E+09,748900,2.51E+09,1.22E+07
53200,2.51E+09,748900,2.51E+09,1.22E+07
53300,2.51E+09,748900,2.51E+09,1.23E+07
53400,2.52E+09,748900,2.52E+09,1.23E+07
53500,2.52E+09,748900,2.52E+09,1.23E+07
53600,2.53E+09,748900,2.53E+09,1.23E+07
53700,2.54E+09,748900,2.54E+09,1.24E+07
53800,2.54E+09,748900,2.54E+09,1.24E+07
53900,2.55E+09,748900,2.55E+09,1.24E+07
54000,2.55E+09,748900,2.55E+09,1.25E+07
54100,2.56E+09,748900,2.56E+09,1.25E+07
54200,2.56E+09,748900,2.56E+09,1.25E+07
54300,2.57E+09,748900,2.57E+09,1.25E+07
54400,2.57E+09,748900,2.57E+09,1.26E+07
54500,2.58E+09,748900,2.58E+09,1.26E+07
54600,2.59E+09,748900,2.59E+09,1.26E+07
54700,2.59E+09,748900,2.59E+09,1.27E+07
54800,2.60E+09,748900,2.60E+09,1.27E+07
54900,2.61E+09,748900,2.61E+09,1.27E+07
55000,2.61E+09,748900,2.61E+09,1.28E+07
55100,2.62E+09,748900,2.62E+09,1.28E+07
55200,2.63E+09,748900,2.63E+09,1.28E+07
55300,2.63E+09,748900,2.63E+09,1.28E+07
55400,2.64E+09,748900,2.64E+09,1.29E+07
55500,2.65E+09,748900,2.65E+09,1.29E+07
55600,2.65E+09,748900,2.65E+09,1.29E+07
55700,2.66E+09,748900,2.66E+09,1.30E+07
55800,2.66E+09,748900,2.66E+09,1.30E+07
55900,2.67E+09,748900,2.67E+09,1.30E+07
56000,2.68E+09,748900,2.68E+09,1.31E+07
56100,2.68E+09,748900,2.68E+09,1.31E+07
56200,2.69E+09,748900,2.69E+09,1.31E+07
56300,2.69E+09,748900,2.69E+09,1.31E+07
56400,2.70E+09,748900,2.70E+09,1.32E+07
56500,2.71E+09,748900,2.71E+09,1.32E+07
56600,2.71E+09,748900,2.71E+09,1.32E+07
56700,2.72E+09,748900,2.72E+09,1.33E+07
56800,2.72E+09,748900,2.72E+09,1.33E+07
56900,2.73E+09,748900,2.73E+09,1.33E+07
57000,2.73E+09,748900,2.73E+09,1.33E+07
57100,2.74E+09,748900,2.74E+09,1.34E+07
57200,2.74E+09,748900,2.74E+09,1.34E+07
57300,2.75E+09,748900,2.75E+09,1.34E+07
57400,2.75E+09,748900,2.75E+09,1.34E+07
57500,2.75E+09,748900,2.75E+09,1.34E+07
57600,2.76E+09,748900,2.76E+09,1.35E+07
57700,2.76E+09,748900,2.76E+09,1.35E+07
57800,2.77E+09,748900,2.77E+09,1.35E+07
57900,2.77E+09,748900,2.77E+09,1.35E+07
58000,2.78E+09,748900,2.78E+09,1.36E+07
58100,2.78E+09,748900,2.78E+09,1.36E+07
58200,2.79E+09,748900,2.79E+09,1.36E+07
58300,2.79E+09,748900,2.79E+09,1.36E+07
58400,2.80E+09,748900,2.80E+09,1.37E+07
58500,2.80E+09,748900,2.80E+09,1.37E+07
58600,2.81E+09,748900,2.81E+09,1.37E+07
58700,2.81E+09,748900,2.81E+09,1.37E+07
58800,2.82E+09,748900,2.82E+09,1.37E+07
58900,2.82E+09,748900,2.82E+09,1.38E+07
59000,2.82E+09,748900,2.82E+09,1.38E+07
59100,2.83E+09,748900,2.83E+09,1.38E+07
59200,2.83E+09,748900,2.83E+09,1.38E+07
59300,2.83E+09,748900,2.83E+09,1.38E+07
59400,2.84E+09,748900,2.84E+09,1.39E+07
59500,2.84E+09,748900,2.84E+09,1.39E+07
59600,2.84E+09,748900,2.84E+09,1.39E+07
59700,2.85E+09,748900,2.85E+09,1.39E+07
59800,2.85E+09,748900,2.85E+09,1.39E+07
59900,2.86E+09,748900,2.86E+09,1.39E+07
60000,2.86E+09,748900,2.86E+09,1.40E+07
60100,2.87E+09,748900,2.87E+09,1.40E+07
60200,2.87E+09,748900,2.87E+09,1.40E+07
60300,2.87E+09,748900,2.87E+09,1.40E+07
60400,2.88E+09,748900,2.88E+09,1.41E+07
60500,2.88E+09,748900,2.88E+09,1.41E+07
60600,2.89E+09,748900,2.89E+09,1.41E+07
60700,2.89E+09,748900,2.89E+09,1.41E+07
60800,2.90E+09,748900,2.90E+09,1.42E+07
60900,2.90E+09,748900,2.90E+09,1.42E+07
61000,2.91E+09,748900,2.91E+09,1.42E+07
61100,2.91E+09,748900,2.91E+09,1.42E+07
61200,2.92E+09,748900,2.92E+09,1.42E+07
61300,2.92E+09,748900,2.92E+09,1.43E+07
61400,2.93E+09,748900,2.93E+09,1.43E+07
61500,2.93E+09,748900,2.93E+09,1.43E+07
61600,2.94E+09,748900,2.94E+09,1.43E+07
61700,2.94E+09,748900,2.94E+09,1.44E+07
61800,2.94E+09,748900,2.94E+09,1.44E+07
61900,2.95E+09,748900,2.95E+09,1.44E+07
62000,2.95E+09,748900,2.95E+09,1.44E+07
62100,2.95E+09,748900,2.95E+09,1.44E+07
62200,2.96E+09,748900,2.96E+09,1.44E+07
62300,2.96E+09,748900,2.96E+09,1.45E+07
62400,2.97E+09,748900,2.97E+09,1.45E+07
62500,2.97E+09,748900,2.97E+09,1.45E+07
62600,2.97E+09,748900,2.97E+09,1.45E+07
62700,2.98E+09,748900,2.98E+09,1.45E+07
62800,2.98E+09,748900,2.98E+09,1.46E+07
62900,2.99E+09,748900,2.99E+09,1.46E+07
63000,3.00E+09,748900,3.00E+09,1.46E+07
63100,3.00E+09,748900,3.00E+09,1.47E+07
63200,3.01E+09,748900,3.01E+09,1.47E+07
63300,3.01E+09,748900,3.01E+09,1.47E+07
63400,3.02E+09,748900,3.02E+09,1.47E+07
63500,3.02E+09,748900,3.02E+09,1.48E+07
63600,3.03E+09,748900,3.03E+09,1.48E+07
63700,3.04E+09,748900,3.04E+09,1.48E+07
63800,3.04E+09,748900,3.04E+09,1.49E+07
63900,3.05E+09,748900,3.05E+09,1.49E+07
64000,3.06E+09,748900,3.06E+09,1.49E+07
64100,3.06E+09,748900,3.06E+09,1.50E+07
64200,3.07E+09,748900,3.07E+09,1.50E+07
64300,3.07E+09,748900,3.07E+09,1.50E+07
64400,3.08E+09,748900,3.08E+09,1.51E+07
64500,3.09E+09,748900,3.09E+09,1.51E+07
64600,3.09E+09,748900,3.09E+09,1.51E+07
64700,3.10E+09,748900,3.10E+09,1.51E+07
64800,3.10E+09,748900,3.10E+09,1.52E+07
64900,3.11E+09,748900,3.11E+09,1.52E+07
65000,3.11E+09,748900,3.11E+09,1.52E+07
65100,3.12E+09,748900,3.12E+09,1.52E+07
65200,3.12E+09,748900,3.12E+09,1.53E+07
65300,3.13E+09,748900,3.13E+09,1.53E+07
65400,3.13E+09,748900,3.13E+09,1.53E+07
65500,3.14E+09,748900,3.14E+09,1.53E+07
65600,3.15E+09,748900,3.15E+09,1.54E+07
65700,3.15E+09,748900,3.15E+09,1.54E+07
65800,3.16E+09,748900,3.16E+09,1.54E+07
65900,3.17E+09,748900,3.17E+09,1.55E+07
66000,3.17E+09,748900,3.17E+09,1.55E+07
66100,3.18E+09,748900,3.18E+09,1.55E+07
66200,3.19E+09,748900,3.19E+09,1.56E+07
66300,3.19E+09,748900,3.19E+09,1.56E+07
66400,3.20E+09,748900,3.20E+09,1.56E+07
66500,3.21E+09,748900,3.21E+09,1.57E+07
66600,3.21E+09,748900,3.21E+09,1.57E+07
66700,3.22E+09,748900,3.22E+09,1.57E+07
66800,3.23E+09,748900,3.23E+09,1.58E+07
66900,3.23E+09,748900,3.23E+09,1.58E+07
67000,3.24E+09,748900,3.24E+09,1.58E+07
67100,3.25E+09,748900,3.25E+09,1.59E+07
67200,3.25E+09,748900,3.25E+09,1.59E+07
67300,3.26E+09,748900,3.26E+09,1.59E+07
67400,3.27E+09,748900,3.27E+09,1.60E+07
67500,3.27E+09,748900,3.27E+09,1.60E+07
67600,3.28E+09,748900,3.28E+09,1.60E+07
67700,3.29E+09,748900,3.29E+09,1.61E+07
67800,3.29E+09,748900,3.29E+09,1.61E+07
67900,3.30E+09,748900,3.30E+09,1.61E+07
68000,3.31E+09,748900,3.31E+09,1.62E+07
68100,3.31E+09,748900,3.31E+09,1.62E+07
68200,3.32E+09,748900,3.32E+09,1.62E+07
68300,3.33E+09,748900,3.33E+09,1.63E+07
68400,3.33E+09,748900,3.33E+09,1.63E+07
68500,3.34E+09,748900,3.34E+09,1.63E+07
68600,3.34E+09,748900,3.34E+09,1.64E+07
68700,3.35E+09,748900,3.35E+09,1.64E+07
68800,3.35E+09,748900,3.35E+09,1.64E+07
68900,3.36E+09,748900,3.36E+09,1.64E+07
69000,3.36E+09,748900,3.36E+09,1.65E+07
69100,3.37E+09,748900,3.37E+09,1.65E+07
69200,3.37E+09,748900,3.37E+09,1.65E+07
69300,3.38E+09,748900,3.38E+09,1.65E+07
69400,3.38E+09,748900,3.38E+09,1.66E+07
69500,3.39E+09,748900,3.39E+09,1.66E+07
69600,3.40E+09,748900,3.40E+09,1.66E+07
69700,3.40E+09,748900,3.40E+09,1.67E+07
69800,3.41E+09,748900,3.41E+09,1.67E+07
69900,3.41E+09,748900,3.41E+09,1.67E+07
70000,3.42E+09,748900,3.42E+09,1.67E+07
70100,3.42E+09,748900,3.42E+09,1.68E+07
70200,3.43E+09,748900,3.43E+09,1.68E+07
70300,3.43E+09,748900,3.43E+09,1.68E+07
70400,3.44E+09,748900,3.44E+09,1.68E+07
70500,3.44E+09,748900,3.44E+09,1.69E+07
70600,3.45E+09,748900,3.45E+09,1.69E+07
70700,3.45E+09,748900,3.45E+09,1.69E+07
70800,3.46E+09,748900,3.46E+09,1.69E+07
70900,3.46E+09,748900,3.46E+09,1.70E+07
71000,3.47E+09,748900,3.47E+09,1.70E+07
71100,3.47E+09,748900,3.47E+09,1.70E+07
71200,3.47E+09,748900,3.47E+09,1.70E+07
71300,3.48E+09,748900,3.48E+09,1.70E+07
71400,3.48E+09,748900,3.48E+09,1.71E+07
71500,3.49E+09,748900,3.49E+09,1.71E+07
71600,3.49E+09,748900,3.49E+09,1.71E+07
71700,3.50E+09,748900,3.50E+09,1.71E+07
71800,3.50E+09,748900,3.50E+09,1.71E+07
71900,3.50E+09,748900,3.50E+09,1.72E+07
72000,3.51E+09,748900,3.51E+09,1.72E+07
72100,3.51E+09,748900,3.51E+09,1.72E+07
72200,3.52E+09,748900,3.52E+09,1.72E+07
72300,3.52E+09,748900,3.52E+09,1.72E+07
72400,3.52E+09,748900,3.52E+09,1.73E+07
72500,3.53E+09,748900,3.53E+09,1.73E+07
72600,3.53E+09,748900,3.53E+09,1.73E+07
72700,3.54E+09,748900,3.54E+09,1.73E+07
72800,3.54E+09,748900,3.54E+09,1.74E+07
72900,3.55E+09,748900,3.55E+09,1.74E+07
73000,3.55E+09,748900,3.55E+09,1.74E+07
73100,3.56E+09,748900,3.56E+09,1.74E+07
73200,3.56E+09,748900,3.56E+09,1.74E+07
73300,3.57E+09,748900,3.57E+09,1.75E+07
73400,3.57E+09,748900,3.57E+09,1.75E+07
73500,3.58E+09,748900,3.58E+09,1.75E+07
73600,3.58E+09,748900,3.58E+09,1.76E+07
73700,3.59E+09,748900,3.59E+09,1.76E+07
73800,3.59E+09,748900,3.59E+09,1.76E+07
73900,3.60E+09,748900,3.60E+09,1.76E+07
74000,3.60E+09,748900,3.60E+09,1.76E+07
74100,3.61E+09,748900,3.61E+09,1.77E+07
74200,3.61E+09,748900,3.61E+09,1.77E+07
74300,3.61E+09,748900,3.61E+09,1.77E+07
74400,3.62E+09,748900,3.62E+09,1.77E+07
74500,3.62E+09,748900,3.62E+09,1.78E+07
74600,3.63E+09,748900,3.63E+09,1.78E+07
74700,3.63E+09,748900,3.63E+09,1.78E+07
74800,3.64E+09,748900,3.64E+09,1.78E+07
74900,3.64E+09,748900,3.64E+09,1.79E+07
75000,3.65E+09,748900,3.65E+09,1.79E+07
75100,3.65E+09,748900,3.65E+09,1.79E+07
75200,3.66E+09,748900,3.66E+09,1.79E+07
75300,3.66E+09,748900,3.66E+09,1.80E+07
75400,3.67E+09,748900,3.67E+09,1.80E+07
75500,3.67E+09,748900,3.67E+09,1.80E+07
75600,3.68E+09,748900,3.68E+09,1.80E+07
75700,3.68E+09,748900,3.68E+09,1.80E+07
75800,3.69E+09,748900,3.69E+09,1.81E+07
75900,3.69E+09,748900,3.69E+09,1.81E+07
76000,3.70E+09,748900,3.70E+09,1.81E+07
76100,3.70E+09,748900,3.70E+09,1.81E+07
76200,3.71E+09,748900,3.71E+09,1.82E+07
76300,3.71E+09,748900,3.71E+09,1.82E+07
76400,3.71E+09,748900,3.71E+09,1.82E+07
76500,3.72E+09,748900,3.72E+09,1.82E+07
76600,3.72E+09,748900,3.72E+09,1.82E+07
76700,3.73E+09,748900,3.73E+09,1.83E+07
76800,3.73E+09,748900,3.73E+09,1.83E+07
76900,3.74E+09,748900,3.74E+09,1.83E+07
77000,3.74E+09,748900,3.74E+09,1.83E+07
77100,3.75E+09,748900,3.75E+09,1.84E+07
77200,3.75E+09,748900,3.75E+09,1.84E+07
77300,3.76E+09,748900,3.76E+09,1.84E+07
77400,3.76E+09,748900,3.76E+09,1.84E+07
77500,3.76E+09,748900,3.76E+09,1.84E+07
77600,3.77E+09,748900,3.77E+09,1.85E+07
77700,3.78E+09,748900,3.78E+09,1.85E+07
77800,3.78E+09,748900,3.78E+09,1.85E+07
77900,3.79E+09,748900,3.79E+09,1.85E+07
78000,3.79E+09,748900,3.79E+09,1.86E+07
78100,3.80E+09,748900,3.80E+09,1.86E+07
78200,3.81E+09,748900,3.81E+09,1.86E+07
78300,3.81E+09,748900,3.81E+09,1.87E+07
78400,3.82E+09,748900,3.82E+09,1.87E+07
78500,3.82E+09,748900,3.82E+09,1.87E+07
78600,3.83E+09,748900,3.83E+09,1.88E+07
78700,3.83E+09,748900,3.83E+09,1.88E+07
78800,3.84E+09,748900,3.84E+09,1.88E+07
78900,3.84E+09,748900,3.84E+09,1.88E+07
79000,3.85E+09,748900,3.85E+09,1.89E+07
79100,3.86E+09,748900,3.86E+09,1.89E+07
79200,3.86E+09,748900,3.86E+09,1.89E+07
79300,3.87E+09,748900,3.87E+09,1.89E+07
79400,3.87E+09,748900,3.87E+09,1.90E+07
79500,3.88E+09,748900,3.88E+09,1.90E+07
79600,3.88E+09,748900,3.88E+09,1.90E+07
79700,3.88E+09,748900,3.88E+09,1.90E+07
79800,3.89E+09,748900,3.89E+09,1.91E+07
79900,3.89E+09,748900,3.89E+09,1.91E+07
80000,3.90E+09,748900,3.90E+09,1.91E+07
80100,3.90E+09,748900,3.90E+09,1.91E+07
80200,3.91E+09,748900,3.91E+09,1.91E+07
80300,3.91E+09,748900,3.91E+09,1.92E+07
80400,3.92E+09,748900,3.92E+09,1.92E+07
80500,3.92E+09,748900,3.92E+09,1.92E+07
80600,3.92E+09,748900,3.92E+09,1.92E+07
80700,3.93E+09,748900,3.93E+09,1.92E+07
80800,3.93E+09,748900,3.93E+09,1.93E+07
80900,3.94E+09,748900,3.94E+09,1.93E+07
81000,3.94E+09,748900,3.94E+09,1.93E+07
81100,3.94E+09,748900,3.94E+09,1.93E+07
81200,3.95E+09,748900,3.95E+09,1.93E+07
81300,3.95E+09,748900,3.95E+09,1.94E+07
81400,3.96E+09,748900,3.96E+09,1.94E+07
81500,3.96E+09,748900,3.96E+09,1.94E+07
81600,3.97E+09,748900,3.97E+09,1.94E+07
81700,3.97E+09,748900,3.97E+09,1.95E+07
81800,3.97E+09,748900,3.97E+09,1.95E+07
81900,3.98E+09,748900,3.98E+09,1.95E+07
82000,3.98E+09,748900,3.98E+09,1.95E+07
82100,3.99E+09,748900,3.99E+09,1.95E+07
82200,3.99E+09,748900,3.99E+09,1.96E+07
82300,4.00E+09,748900,4.00E+09,1.96E+07
82400,4.00E+09,748900,4.00E+09,1.96E+07
82500,4.01E+09,748900,4.01E+09,1.96E+07
82600,4.01E+09,748900,4.01E+09,1.97E+07
82700,4.02E+09,748900,4.02E+09,1.97E+07
82800,4.03E+09,748900,4.03E+09,1.97E+07
82900,4.04E+09,748900,4.04E+09,1.98E+07
83000,4.04E+09,748900,4.04E+09,1.98E+07
83100,4.05E+09,748900,4.05E+09,1.98E+07
83200,4.06E+09,748900,4.06E+09,1.99E+07
83300,4.06E+09,748900,4.06E+09,1.99E+07
83400,4.07E+09,748900,4.07E+09,1.99E+07
83500,4.08E+09,748900,4.08E+09,2.00E+07
83600,4.08E+09,748900,4.08E+09,2.00E+07
83700,4.09E+09,748900,4.09E+09,2.00E+07
83800,4.09E+09,748900,4.09E+09,2.01E+07
83900,4.10E+09,748900,4.10E+09,2.01E+07
84000,4.11E+09,748900,4.11E+09,2.01E+07
84100,4.11E+09,748900,4.11E+09,2.02E+07
84200,4.12E+09,748900,4.12E+09,2.02E+07
84300,4.12E+09,748900,4.12E+09,2.02E+07
84400,4.13E+09,748900,4.13E+09,2.03E+07
84500,4.14E+09,748900,4.14E+09,2.03E+07
84600,4.14E+09,748900,4.14E+09,2.03E+07
84700,4.15E+09,748900,4.15E+09,2.03E+07
84800,4.15E+09,748900,4.15E+09,2.04E+07
84900,4.16E+09,748900,4.16E+09,2.04E+07
85000,4.16E+09,748900,4.16E+09,2.04E+07
85100,4.17E+09,748900,4.17E+09,2.04E+07
85200,4.18E+09,748900,4.18E+09,2.05E+07
85300,4.18E+09,748900,4.18E+09,2.05E+07
85400,4.19E+09,748900,4.19E+09,2.06E+07
85500,4.20E+09,748900,4.20E+09,2.06E+07
85600,4.20E+09,748900,4.20E+09,2.06E+07
85700,4.21E+09,748900,4.21E+09,2.06E+07
85800,4.22E+09,748900,4.22E+09,2.07E+07
85900,4.22E+09,748900,4.22E+09,2.07E+07
86000,4.23E+09,748900,4.23E+09,2.07E+07
86100,4.24E+09,748900,4.24E+09,2.08E+07
86200,4.24E+09,748900,4.24E+09,2.08E+07
86300,4.25E+09,748900,4.25E+09,2.09E+07
86400,4.26E+09,748900,4.26E+09,2.09E+07
86500,4.27E+09,748900,4.27E+09,2.09E+07
86600,4.27E+09,748900,4.27E+09,2.10E+07
86700,4.28E+09,748900,4.28E+09,2.10E+07
86800,4.29E+09,748900,4.29E+09,2.10E+07
86900,4.30E+09,748900,4.30E+09,2.11E+07
87000,4.30E+09,748900,4.30E+09,2.11E+07
87100,4.31E+09,748900,4.31E+09,2.11E+07
87200,4.32E+09,748900,4.32E+09,2.12E+07
87300,4.32E+09,748900,4.32E+09,2.12E+07
87400,4.33E+09,748900,4.33E+09,2.13E+07
87500,4.34E+09,748900,4.34E+09,2.13E+07
87600,4.35E+09,748900,4.35E+09,2.13E+07
87700,4.35E+09,748900,4.35E+09,2.14E+07
87800,4.36E+09,748900,4.36E+09,2.14E+07
87900,4.37E+09,748900,4.37E+09,2.14E+07
88000,4.37E+09,748900,4.37E+09,2.15E+07
88100,4.38E+09,748900,4.38E+09,2.15E+07
88200,4.39E+09,748900,4.39E+09,2.15E+07
88300,4.39E+09,748900,4.39E+09,2.16E+07
88400,4.40E+09,748900,4.40E+09,2.16E+07
88500,4.41E+09,748900,4.41E+09,2.16E+07
88600,4.41E+09,748900,4.41E+09,2.16E+07
88700,4.42E+09,748900,4.42E+09,2.17E+07
88800,4.42E+09,748900,4.42E+09,2.17E+07
88900,4.43E+09,748900,4.43E+09,2.17E+07
89000,4.44E+09,748900,4.44E+09,2.17E+07
89100,4.44E+09,748900,4.44E+09,2.18E+07
89200,4.45E+09,748900,4.45E+09,2.18E+07
89300,4.45E+09,748900,4.45E+09,2.18E+07
89400,4.46E+09,748900,4.46E+09,2.19E+07
89500,4.46E+09,748900,4.46E+09,2.19E+07
89600,4.47E+09,748900,4.47E+09,2.19E+07
89700,4.48E+09,748900,4.48E+09,2.19E+07
89800,4.48E+09,748900,4.48E+09,2.20E+07
89900,4.49E+09,748900,4.49E+09,2.20E+07
90000,4.49E+09,748900,4.49E+09,2.20E+07
90100,4.50E+09,748900,4.50E+09,2.21E+07
90200,4.50E+09,748900,4.50E+09,2.21E+07
90300,4.51E+09,748900,4.51E+09,2.21E+07
90400,4.52E+09,748900,4.52E+09,2.21E+07
90500,4.52E+09,748900,4.52E+09,2.22E+07
90600,4.53E+09,748900,4.53E+09,2.22E+07
90700,4.53E+09,748900,4.53E+09,2.22E+07
90800,4.54E+09,748900,4.54E+09,2.23E+07
90900,4.54E+09,748900,4.54E+09,2.23E+07
91000,4.55E+09,748900,4.55E+09,2.23E+07
91100,4.55E+09,748900,4.55E+09,2.23E+07
91200,4.56E+09,748900,4.56E+09,2.24E+07
91300,4.56E+09,748900,4.56E+09,2.24E+07
91400,4.57E+09,748900,4.57E+09,2.24E+07
91500,4.57E+09,748900,4.57E+09,2.24E+07
91600,4.58E+09,748900,4.58E+09,2.25E+07
91700,4.58E+09,748900,4.58E+09,2.25E+07
91800,4.59E+09,748900,4.59E+09,2.25E+07
91900,4.60E+09,748900,4.60E+09,2.25E+07
92000,4.60E+09,748900,4.60E+09,2.26E+07
92100,4.61E+09,748900,4.61E+09,2.26E+07
92200,4.61E+09,748900,4.61E+09,2.26E+07
92300,4.62E+09,748900,4.62E+09,2.27E+07
92400,4.62E+09,748900,4.62E+09,2.27E+07
92500,4.63E+09,748900,4.63E+09,2.27E+07
92600,4.63E+09,748900,4.63E+09,2.27E+07
92700,4.64E+09,748900,4.64E+09,2.27E+07
92800,4.64E+09,748900,4.64E+09,2.28E+07
92900,4.65E+09,748900,4.65E+09,2.28E+07
93000,4.65E+09,748900,4.65E+09,2.28E+07
93100,4.66E+09,748900,4.66E+09,2.28E+07
93200,4.66E+09,748900,4.66E+09,2.29E+07
93300,4.67E+09,748900,4.67E+09,2.29E+07
93400,4.67E+09,748900,4.67E+09,2.29E+07
93500,4.68E+09,748900,4.68E+09,2.30E+07
93600,4.68E+09,748900,4.68E+09,2.30E+07
93700,4.69E+09,748900,4.69E+09,2.30E+07
93800,4.69E+09,748900,4.69E+09,2.30E+07
93900,4.70E+09,748900,4.70E+09,2.30E+07
94000,4.70E+09,748900,4.70E+09,2.31E+07
94100,4.71E+09,748900,4.71E+09,2.31E+07
94200,4.71E+09,748900,4.71E+09,2.31E+07
94300,4.72E+09,748900,4.72E+09,2.31E+07
94400,4.72E+09,748900,4.72E+09,2.32E+07
94500,4.73E+09,748900,4.73E+09,2.32E+07
94600,4.73E+09,748900,4.73E+09,2.32E+07
94700,4.74E+09,748900,4.74E+09,2.32E+07
94800,4.74E+09,748900,4.74E+09,2.33E+07
94900,4.75E+09,748900,4.75E+09,2.33E+07
95000,4.75E+09,748900,4.75E+09,2.33E+07
95100,4.76E+09,748900,4.76E+09,2.33E+07
95200,4.76E+09,748900,4.76E+09,2.34E+07
95300,4.77E+09,748900,4.77E+09,2.34E+07
95400,4.77E+09,748900,4.77E+09,2.34E+07
95500,4.78E+09,748900,4.78E+09,2.34E+07
95600,4.78E+09,748900,4.78E+09,2.35E+07
95700,4.79E+09,748900,4.79E+09,2.35E+07
95800,4.80E+09,748900,4.80E+09,2.35E+07
95900,4.80E+09,748900,4.80E+09,2.35E+07
96000,4.81E+09,748900,4.81E+09,2.36E+07
96100,4.81E+09,748900,4.81E+09,2.36E+07
96200,4.82E+09,748900,4.82E+09,2.36E+07
96300,4.82E+09,748900,4.82E+09,2.37E+07
96400,4.83E+09,748900,4.83E+09,2.37E+07
96500,4.84E+09,748900,4.84E+09,2.37E+07
96600,4.84E+09,748900,4.84E+09,2.37E+07
96700,4.85E+09,748900,4.85E+09,2.38E+07
96800,4.85E+09,748900,4.85E+09,2.38E+07
96900,4.86E+09,748900,4.86E+09,2.38E+07
97000,4.86E+09,748900,4.86E+09,2.38E+07
97100,4.87E+09,748900,4.87E+09,2.39E+07
97200,4.87E+09,748900,4.87E+09,2.39E+07
97300,4.88E+09,748900,4.88E+09,2.39E+07
97400,4.88E+09,748900,4.88E+09,2.39E+07
97500,4.88E+09,748900,4.88E+09,2.39E+07
97600,4.89E+09,748900,4.89E+09,2.40E+07
97700,4.90E+09,748900,4.90E+09,2.40E+07
97800,4.90E+09,748900,4.90E+09,2.40E+07
97900,4.91E+09,748900,4.91E+09,2.41E+07
98000,4.91E+09,748900,4.91E+09,2.41E+07
98100,4.92E+09,748900,4.92E+09,2.41E+07
98200,4.92E+09,748900,4.92E+09,2.41E+07
98300,4.93E+09,748900,4.93E+09,2.42E+07
98400,4.94E+09,748900,4.94E+09,2.42E+07
98500,4.94E+09,748900,4.94E+09,2.42E+07
98600,4.95E+09,748900,4.95E+09,2.43E+07
98700,4.95E+09,748900,4.95E+09,2.43E+07
98800,4.96E+09,748900,4.96E+09,2.43E+07
98900,4.97E+09,748900,4.97E+09,2.43E+07
99000,4.97E+09,748900,4.97E+09,2.44E+07
99100,4.98E+09,748900,4.98E+09,2.44E+07
99200,4.99E+09,748900,4.99E+09,2.44E+07
99300,4.99E+09,748900,4.99E+09,2.45E+07
99400,5.00E+09,748900,5.00E+09,2.45E+07
99500,5.01E+09,748900,5.01E+09,2.45E+07
99600,5.01E+09,748900,5.01E+09,2.46E+07
99700,5.02E+09,748900,5.02E+09,2.46E+07
99800,5.03E+09,748900,5.03E+09,2.46E+07
99900,5.03E+09,748900,5.03E+09,2.47E+07